alignment_pos_1based	viral_consensus	viral_consensus_freq	viral_consensus_support	viral_non_gap_n	viral_gap_fraction	viral_counts	cell_consensus	cell_consensus_freq	cell_consensus_support	cell_non_gap_n	cell_gap_fraction	cell_counts	sequence_harmony_like	top_viral_residue	top_viral_residue_support	top_cell_residue_support	top_viral_residue_freq	top_cell_residue_freq	top_freq_diff	odds_ratio	fisher_pvalue	passes_gap_filter	fisher_qvalue	rank_q	rank_harmony	rank_freq_diff	rank_q_pct	rank_harmony_pct	rank_freq_diff_pct	rank_percentile_mean	legacy_n_top15_axes	legacy_n_top30_axes	category	ranking_score	site_weight_score
189	K	0.8181818181818182	9/11	11	0.0	K:9;N:1;Q:1	E	0.1794871794871795	35/195	195	0.025	E:35;V:32;A:22;I:20;R:19;H:17;K:17;D:15;Q:6;G:3;N:3;S:3;T:2;M:1	0.8666666666666667	K	9/11	17/195	0.8181818181818182	0.08717948717948718	0.731002331002331	47.11764705882353	9.477868508634752e-08	True	1.1247070630246573e-05	3.0	1.0	1.0	0.9869281045751634	1.0	1.0	0.9956427015250545	3.0	3.0	rankpct_high_confidence	0.9956427015250545	0.8146167557932265
130	W	0.7272727272727273	8/11	11	0.0	W:8;I:1;L:1;Y:1	Y	0.2578947368421053	49/190	190	0.05	Y:49;L:32;F:30;I:29;M:21;A:6;K:4;R:4;V:4;H:3;S:2;T:2;D:1;N:1;Q:1;W:1	0.7220095693779904	W	8/11	1/190	0.7272727272727273	0.005263157894736842	0.7220095693779904	504.0	2.5521227743019968e-11	True	9.085557076515109e-09	1.0	11.0	2.0	1.0	0.934640522875817	0.9934640522875817	0.9760348583877997	3.0	3.0	rankpct_moderate_confidence	0.9760348583877997	0.7098435333729453
171	S	0.6363636363636364	7/11	11	0.0	S:7;C:2;A:1;M:1	A	0.25	49/196	196	0.02	A:49;Y:38;F:24;N:22;S:16;C:13;D:9;V:8;I:5;T:4;L:3;H:2;E:1;G:1;K:1	0.7611317254174397	S	7/11	16/196	0.6363636363636364	0.08163265306122448	0.5547309833024119	19.6875	2.0721625909497944e-05	True	0.0012567551456100525	5.0	6.0	3.0	0.9738562091503268	0.9673202614379085	0.9869281045751634	0.9760348583877997	3.0	3.0	rankpct_moderate_confidence	0.9760348583877997	0.6211130917013271
265	S	0.7272727272727273	8/11	11	0.0	S:8;H:1;N:1;Q:1	S	0.23737373737373738	47/198	198	0.01	S:47;L:39;A:33;K:22;Q:11;M:10;R:10;H:6;I:5;G:4;N:3;V:2;D:1;E:1;F:1;P:1;T:1;Y:1	0.6616161616161617	S	8/11	47/198	0.7272727272727273	0.23737373737373738	0.48989898989898994	8.567375886524824	0.0012655985678288436	True	0.018773045422794513	20.0	19.0	6.0	0.8758169934640523	0.8823529411764706	0.9673202614379085	0.9084967320261438	1.0	3.0	rankpct_moderate_confidence	0.9084967320261438	0.6607248960190136
